Code;Area;Year ending Dec 1995;Year ending Mar 1996;Year ending Jun 1996;Year ending Sep 1996;Year ending Dec 1996;Year ending Mar 1997;Year ending Jun 1997;Year ending Sep 1997;Year ending Dec 1997;Year ending Mar 1998;Year ending Jun 1998;Year ending Sep 1998;Year ending Dec 1998;Year ending Mar 1999;Year ending Jun 1999;Year ending Sep 1999;Year ending Dec 1999;Year ending Mar 2000;Year ending Jun 2000;Year ending Sep 2000;Year ending Dec 2000;Year ending Mar 2001;Year ending Jun 2001;Year ending Sep 2001;Year ending Dec 2001;Year ending Mar 2002;Year ending Jun 2002;Year ending Sep 2002;Year ending Dec 2002;Year ending Mar 2003;Year ending Jun 2003;Year ending Sep 2003;Year ending Dec 2003;Year ending Mar 2004;Year ending Jun 2004;Year ending Sep 2004;Year ending Dec 2004;Year ending Mar 2005;Year ending Jun 2005;Year ending Sep 2005;Year ending Dec 2005;Year ending Mar 2006;Year ending Jun 2006;Year ending Sep 2006;Year ending Dec 2006;Year ending Mar 2007;Year ending Jun 2007;Year ending Sep 2007;Year ending Dec 2007;Year ending Mar 2008;Year ending Jun 2008;Year ending Sep 2008;Year ending Dec 2008;Year ending Mar 2009;Year ending Jun 2009;Year ending Sep 2009;Year ending Dec 2009;Year ending Mar 2010;Year ending Jun 2010;Year ending Sep 2010;Year ending Dec 2010;Year ending Mar 2011;Year ending Jun 2011;Year ending Sep 2011;Year ending Dec 2011;Year ending Mar 2012;Year ending Jun 2012;Year ending Sep 2012;Year ending Dec 2012;Year ending Mar 2013;Year ending Jun 2013;Year ending Sep 2013;Year ending Dec 2013;Year ending Mar 2014;Year ending Jun 2014;Year ending Sep 2014;Year ending Dec 2014;Year ending Mar 2015;Year ending Jun 2015;Year ending Sep 2015;Year ending Dec 2015;Year ending Mar 2016;Year ending Jun 2016;Year ending Sep 2016;Year ending Dec 2016;Year ending Mar 2017;Year ending Jun 2017;Year ending Sep 2017;Year ending Dec 2017
;;;;;;;;;;;;;;;;;;;;;;;;;;;;;;;;;;;;;;;;;;;;;;;;;;;;;;;;;;;;;;;;;;;;;;;;;;;;;;;;;;;;;;;;;;
E09000001;City of London;105 000;112 500;112 375;121 500;124 250;126 503;130 000;130 000;135 000;147 000;155 000;160 000;169 250;175 000;175 000;180 000;180 000;180 000;186 995;191 998;200 000;220 000;235 000;235 000;237 500;230 000;225 000;240 000;250 000;279 500;290 000;290 000;285 000;270 000;275 000;280 000;280 000;300 000;298 725;305 000;310 000;312 500;315 000;323 000;337 500;355 000;375 000;395 000;416 250;423 500;395 000;375 000;365 000;357 500;372 000;381 250;400 000;424 000;430 000;452 500;450 000;466 250;465 000;455 000;465 000;460 000;460 000;474 000;485 000;495 000;550 000;575 000;615 000;625 000;640 000;700 000;769 100;806 250;814 500;823 750;800 000;795 000;799 750;800 000;831 400;831 400;812 500;835 000;835 000
E09000002;Barking and Dagenham;49 000;49 995;50 000;49 995;49 995;49 950;50 000;52 000;53 500;54 995;56 500;58 000;59 995;60 000;60 000;63 000;65 000;67 000;70 000;74 995;78 000;80 000;83 000;86 000;89 500;93 000;99 000;107 000;115 250;124 000;131 995;137 000;140 000;145 000;150 000;155 000;159 995;162 500;164 000;163 000;163 000;163 000;164 500;165 000;167 998;170 000;175 000;180 000;185 000;189 995;191 000;191 000;190 000;185 250;175 000;163 500;160 000;160 000;162 500;167 000;170 000;171 500;170 000;170 000;170 000;170 000;171 000;172 000;174 000;175 000;175 995;178 500;180 995;185 050;193 000;205 000;215 000;220 000;227 500;235 000;245 500;255 000;265 000;277 000;290 000;300 000;302 000;302 000;300 000
E09000003;Barnet;85 125;85 000;85 000;85 500;87 000;89 500;91 950;95 000;100 000;104 500;110 000;113 748;113 995;116 000;120 000;129 000;135 000;140 000;147 000;152 500;159 000;160 000;163 500;170 000;174 975;180 000;187 000;196 500;207 000;214 995;220 000;225 000;233 000;237 000;243 000;248 000;249 000;249 500;249 950;250 000;250 000;250 000;250 000;265 000;273 000;279 000;282 000;289 973;295 000;295 000;298 000;288 000;280 000;280 000;275 000;280 000;290 000;300 000;308 500;317 000;325 000;327 500;327 250;327 500;325 000;320 000;322 500;325 000;330 000;332 000;327 750;335 000;345 000;360 000;375 000;390 000;400 000;415 000;430 000;440 000;450 000;455 000;460 000;470 000;476 500;482 951;500 000;512 000;533 500
E09000004;Bexley;62 000;62 000;63 125;63 500;65 000;67 000;68 500;70 000;71 000;73 000;75 000;77 000;79 000;79 995;82 000;83 500;86 000;88 500;90 000;95 500;98 500;103 000;107 000;112 500;116 973;119 998;125 000;132 000;139 500;145 000;153 498;159 000;163 000;165 000;169 500;172 000;175 000;178 125;180 000;181 000;183 000;184 000;185 000;190 000;195 000;197 500;201 000;208 000;212 000;215 000;216 000;215 000;210 000;202 500;200 000;195 000;196 000;200 000;205 000;210 000;215 000;214 500;215 000;217 000;215 000;215 000;212 000;211 000;210 000;215 000;217 000;220 000;225 000;230 000;240 000;249 000;250 000;260 000;264 748;271 000;285 000;295 000;310 000;322 000;328 000;330 000;332 000;336 000;342 500
E09000005;Brent;68 000;69 000;70 000;71 000;73 000;75 000;76 000;80 000;83 500;85 950;89 950;93 000;96 000;99 949;102 000;106 000;112 000;118 000;127 000;132 950;139 000;143 000;149 000;154 000;158 000;161 500;168 000;179 000;187 000;194 500;200 000;206 000;210 000;215 000;219 950;221 000;223 500;225 000;230 000;235 000;240 000;242 090;245 000;248 500;249 950;250 000;250 000;274 000;280 000;285 000;289 950;283 000;275 000;270 000;265 000;270 000;275 000;272 000;272 500;280 000;283 000;290 000;295 000;300 000;300 000;305 000;313 000;317 000;322 500;325 000;327 000;340 000;347 500;355 000;365 000;374 975;385 000;399 950;405 000;400 000;415 000;425 000;425 000;450 000;445 000;450 000;465 150;475 000;499 950
E09000006;Bromley;76 625;77 000;77 000;79 500;80 000;81 000;82 500;84 500;86 000;89 000;92 000;96 000;99 995;102 000;106 500;111 500;116 500;122 000;125 000;130 000;135 000;139 950;143 000;147 500;152 725;156 000;160 500;170 000;176 820;185 000;190 000;198 500;205 000;208 750;215 000;220 000;225 000;227 500;228 000;229 995;230 000;233 250;235 000;240 000;242 500;245 000;249 950;250 000;260 000;265 000;265 000;259 475;250 000;250 000;249 500;247 000;249 000;250 000;250 000;270 000;275 000;275 000;275 000;275 000;275 000;275 000;275 000;275 000;277 500;280 500;285 000;287 500;295 000;299 995;310 000;325 000;335 000;350 000;355 000;365 000;375 000;385 000;399 000;408 000;420 000;425 000;425 000;435 000;440 000
E09000007;Camden;114 000;112 000;117 000;121 000;127 500;132 950;135 000;140 000;145 000;147 500;150 000;158 000;160 000;165 000;170 000;182 500;190 000;200 000;215 000;227 000;235 000;243 000;245 000;249 000;249 995;250 000;250 000;271 000;279 950;280 000;285 000;280 000;273 000;277 500;282 000;295 000;305 000;310 000;315 000;320 000;325 000;335 500;340 000;345 000;357 500;369 050;377 000;399 950;410 000;415 000;430 750;440 000;440 000;432 500;416 000;410 000;417 500;425 000;440 000;460 000;478 500;485 000;490 000;490 000;483 500;478 750;485 000;495 000;500 000;500 000;530 500;570 000;585 000;610 000;635 000;650 000;675 000;680 000;675 000;680 750;705 000;740 000;748 550;737 500;735 000;717 500;750 000;768 750;760 000
E09000008;Croydon;60 000;60 000;61 000;63 000;64 500;65 850;67 000;69 000;71 000;73 500;75 000;77 000;79 000;80 000;83 000;85 000;89 000;92 000;96 950;102 500;110 000;115 000;118 000;123 500;126 000;130 000;136 000;143 000;150 100;158 000;163 000;168 000;172 000;175 000;179 950;182 950;185 000;187 950;190 000;193 000;194 500;195 000;195 000;199 950;205 000;210 000;214 500;219 500;222 500;225 000;229 950;230 000;226 500;222 500;215 000;205 000;200 000;205 000;210 000;215 000;220 000;220 000;220 000;220 000;220 000;220 000;225 000;226 000;230 000;232 000;230 000;235 000;239 950;245 000;249 950;250 000;265 000;275 000;285 000;295 000;306 000;319 950;325 000;331 000;338 000;345 000;353 595;360 523;365 000
E09000009;Ealing;75 000;75 000;76 000;78 000;80 000;81 500;83 500;87 000;90 000;94 000;97 950;100 000;103 000;105 750;110 000;117 000;125 000;130 000;137 000;141 950;145 000;148 000;150 000;159 950;163 000;167 000;172 133;181 250;190 000;199 000;206 500;209 000;210 000;215 000;220 000;226 250;231 000;235 000;237 000;237 000;235 000;237 500;240 000;243 000;248 000;249 950;250 000;260 000;270 000;279 950;282 500;280 000;270 000;250 000;250 000;250 000;257 750;270 000;270 000;274 975;279 275;276 500;280 000;286 000;293 000;290 000;299 000;303 000;310 000;316 250;320 000;325 000;326 000;340 000;346 525;369 500;387 775;400 000;404 500;415 000;432 000;445 000;451 500;460 000;465 000;465 050;475 000;488 000;485 000
E09000010;Enfield;66 000;65 000;67 000;68 000;69 995;72 000;74 000;76 000;78 000;80 000;81 500;83 000;85 000;86 000;87 995;90 000;94 000;97 000;102 500;109 000;114 000;117 000;121 000;125 000;130 000;132 000;137 000;145 000;153 000;162 000;169 995;175 000;180 000;180 000;185 000;188 000;193 000;197 500;200 000;200 000;200 000;200 000;203 000;207 000;210 000;214 500;220 000;227 000;233 000;237 000;238 000;236 000;234 600;230 000;225 000;225 000;225 000;227 000;230 000;235 000;241 000;244 000;240 000;240 000;240 000;239 000;242 000;245 000;248 000;250 000;250 000;250 000;250 000;260 000;270 000;280 000;285 000;299 950;305 000;320 000;331 000;350 000;360 000;375 000;385 000;400 000;405 000;400 250;402 500
E09000011;Greenwich;61 500;60 000;62 000;64 000;64 000;64 000;64 000;64 995;66 000;68 000;70 000;73 500;75 000;77 000;79 995;84 000;90 000;94 000;99 000;104 013;106 500;110 000;114 950;119 000;123 995;127 710;134 995;142 500;150 000;153 500;159 995;165 000;169 995;171 000;173 000;176 995;180 000;185 000;194 000;195 000;200 000;200 000;200 000;207 000;209 995;211 000;215 000;219 000;224 000;227 000;232 000;233 950;230 000;227 500;217 000;218 000;220 000;230 000;235 000;240 000;245 000;245 000;247 500;249 999;249 995;249 490;248 000;245 000;245 000;249 950;250 000;255 000;275 000;282 500;303 300;310 000;317 500;320 000;318 000;331 550;351 000;365 000;375 000;385 000;395 000;401 000;412 000;420 000;420 000
E09000012;Hackney;61 975;64 000;64 000;65 000;66 000;67 000;70 000;72 998;76 998;79 950;82 000;84 950;87 500;90 000;95 000;103 000;113 000;120 000;124 995;129 000;135 000;139 603;145 000;153 500;160 000;165 000;170 000;175 000;180 000;185 763;190 000;195 000;195 000;200 000;205 000;210 000;215 000;218 250;220 000;219 998;220 000;225 000;230 000;240 000;245 000;249 995;250 000;250 000;264 000;266 500;275 000;272 500;265 000;270 000;250 000;267 000;275 000;279 000;295 000;294 725;290 500;295 000;290 000;295 000;310 000;305 050;315 000;320 000;325 000;335 000;350 000;368 000;375 000;386 000;404 125;420 000;430 000;433 493;450 000;461 000;490 000;515 000;521 050;536 209;535 250;530 000;534 500;530 000;530 000
E09000013;Hammersmith and Fulham;109 500;113 000;115 000;120 000;122 000;123 000;125 000;132 000;136 000;144 800;151 000;156 000;159 950;160 000;165 000;180 000;191 500;200 000;212 550;218 000;222 000;225 000;230 000;240 000;245 000;247 000;250 000;250 000;265 000;270 000;273 000;276 490;280 000;287 500;297 000;303 781;300 250;305 000;310 000;317 000;325 000;330 000;335 000;345 000;350 000;365 000;377 500;395 000;415 000;425 000;430 200;425 000;435 000;415 000;400 000;410 000;420 000;425 000;447 500;460 000;460 000;455 000;458 850;460 000;465 000;470 000;475 000;475 000;490 000;500 000;510 000;550 000;561 440;575 000;595 000;625 000;661 000;685 250;725 000;729 700;730 000;737 025;742 250;730 000;730 000;740 000;750 000;766 625;777 475
E09000014;Haringey;66 500;67 000;68 000;70 000;71 850;73 000;75 000;78 000;81 000;84 000;87 000;90 000;91 000;92 500;95 000;102 000;110 000;116 000;122 500;127 775;130 000;135 000;140 000;145 000;150 000;152 700;159 950;170 000;180 000;185 000;189 250;190 000;192 500;195 000;200 000;207 500;213 000;218 000;220 000;223 000;224 998;225 000;226 000;230 000;237 500;244 000;249 950;250 000;267 500;275 000;277 000;270 000;250 000;250 000;250 000;250 000;250 000;265 000;275 000;280 000;290 000;295 000;300 000;302 000;303 000;302 500;310 000;310 000;315 000;315 000;315 000;329 950;339 800;350 000;367 750;385 000;405 000;418 000;420 000;422 000;439 498;445 000;455 000;460 500;460 000;487 500;505 000;529 250;540 000
E09000015;Harrow;79 950;80 000;80 000;80 500;82 500;83 950;86 000;90 000;94 159;97 175;101 000;105 000;107 500;110 000;113 000;117 000;124 000;128 975;135 000;142 700;147 250;150 000;155 000;160 000;165 000;170 000;178 000;187 000;197 475;205 000;216 000;225 000;230 000;232 500;235 000;240 000;245 000;247 500;249 000;249 000;249 000;249 500;249 999;250 000;250 000;260 000;268 000;275 000;280 000;287 420;288 000;284 000;275 000;262 815;250 000;250 000;250 000;265 000;274 975;283 000;291 000;295 000;296 000;296 000;294 000;291 000;299 950;300 000;302 000;307 500;310 000;315 000;325 000;330 000;345 000;355 000;370 000;380 000;386 000;387 000;400 000;415 000;424 950;443 750;460 000;475 000;490 000;500 000;500 000
E09000016;Havering;66 375;66 998;67 000;67 000;68 500;69 000;70 000;72 500;74 000;75 500;78 000;80 000;82 500;84 500;85 000;87 500;90 000;92 000;96 725;102 500;110 000;112 500;115 000;119 000;122 500;125 500;130 000;138 000;145 000;152 500;160 000;168 500;173 995;176 833;180 000;185 000;188 000;190 000;192 000;195 000;195 000;195 000;197 000;200 000;205 000;208 000;212 000;218 000;222 500;225 000;230 000;226 000;222 500;217 500;207 000;200 000;200 000;204 000;210 000;218 000;221 000;222 000;220 750;219 995;220 000;217 500;219 000;220 250;221 000;227 500;227 000;230 000;232 250;237 000;245 000;249 995;250 000;260 000;267 500;279 995;287 500;300 000;311 000;325 000;332 000;340 000;345 000;350 000;350 000
E09000017;Hillingdon;71 000;71 000;71 000;71 500;72 500;74 000;75 000;77 500;79 925;81 000;84 500;86 500;89 000;91 000;94 000;98 000;104 950;109 500;115 000;120 000;124 950;128 000;131 250;136 000;140 000;144 950;150 000;159 000;166 950;175 000;181 000;187 000;190 000;195 000;199 500;204 998;210 000;215 000;217 000;216 000;218 250;220 000;222 500;226 000;230 000;230 000;235 000;240 000;245 000;246 950;248 000;248 000;245 000;243 000;232 950;230 000;230 000;232 250;240 000;246 500;249 999;250 000;250 000;250 000;249 950;248 000;249 995;250 000;250 000;262 000;260 000;260 000;269 950;275 000;282 000;295 000;305 750;318 000;325 000;339 150;352 250;365 000;375 000;390 000;400 000;409 995;410 000;415 000;415 000
E09000018;Hounslow;73 000;73 000;73 000;72 825;73 000;73 500;75 000;77 500;80 000;84 000;87 995;91 000;95 000;97 000;100 495;106 635;113 000;119 000;125 000;128 000;130 000;134 000;136 000;143 000;148 500;153 000;160 000;167 600;174 950;179 950;185 000;192 500;200 000;200 000;205 000;210 000;215 000;220 000;220 000;219 950;220 000;222 750;225 000;231 000;235 000;239 950;242 500;247 000;249 995;250 000;250 000;250 000;249 000;245 000;237 995;238 000;240 000;241 950;245 000;248 000;249 950;250 000;250 000;250 000;250 000;250 000;250 000;260 000;265 000;274 500;275 000;277 000;280 000;289 000;300 000;310 000;319 950;322 000;327 000;340 000;355 000;375 000;387 500;390 000;380 000;380 000;375 000;379 725;395 000
E09000019;Islington;95 000;95 000;98 500;99 800;102 250;104 000;110 000;115 000;118 875;123 500;129 975;138 000;145 000;150 000;152 500;160 000;170 000;180 000;189 975;195 000;197 500;200 000;210 000;215 000;216 800;220 000;225 000;235 000;245 000;245 000;247 500;248 000;246 250;249 500;247 500;249 995;250 000;250 000;261 000;267 750;270 000;272 505;280 000;285 000;295 000;306 000;319 973;335 000;347 000;355 000;360 000;355 000;350 000;345 000;340 000;340 000;345 000;350 000;360 000;372 000;387 498;395 000;400 000;405 000;399 995;395 000;405 000;405 000;410 000;425 000;430 000;445 000;465 000;476 000;490 000;500 000;535 000;550 000;562 250;575 500;580 000;590 000;600 000;605 000;620 000;625 000;615 000;617 250;615 000
E09000020;Kensington and Chelsea;172 750;175 000;180 000;190 000;195 000;200 000;210 000;218 000;225 000;230 000;239 700;240 000;245 000;250 000;250 000;270 000;285 000;295 000;315 000;330 000;343 000;350 000;350 000;365 000;363 000;365 000;378 050;390 000;399 450;407 250;400 000;395 000;405 000;410 000;430 000;450 000;455 000;465 000;460 000;460 000;465 000;480 000;495 000;499 950;525 000;550 000;581 000;635 000;640 000;660 000;675 000;665 000;701 000;686 549;675 000;675 000;680 000;700 000;713 000;735 000;750 000;765 000;780 000;783 790;790 750;800 000;825 000;875 000;890 714;925 000;935 000;957 500;980 000;1 000 000;1 100 000;1 150 000;1 197 500;1 210 000;1 200 000;1 195 625;1 175 000;1 200 000;1 200 000;1 169 100;1 200 000;1 200 000;1 300 000;1 300 000;1 315 000
E09000021;Kingston upon Thames;81 000;82 500;84 500;85 248;86 000;88 248;88 500;90 000;94 950;95 498;101 000;107 950;109 500;111 500;114 950;121 000;129 950;135 000;141 000;148 000;154 000;157 000;162 000;165 000;170 000;175 000;181 000;189 975;198 000;202 500;210 000;215 000;215 195;220 000;224 950;230 000;235 000;238 000;240 000;240 000;240 000;239 950;242 000;246 500;249 999;250 000;270 000;280 000;290 000;295 000;295 000;293 000;285 000;276 500;264 950;265 000;270 000;280 000;285 000;295 000;300 000;300 000;300 000;300 000;300 000;297 500;305 000;311 000;317 500;325 000;325 000;330 000;335 000;345 000;355 000;373 750;385 000;392 130;398 000;400 000;413 500;429 000;440 000;450 000;460 000;472 000;475 000;485 000;487 250
E09000022;Lambeth;66 000;67 000;69 500;72 000;75 000;76 000;79 500;83 000;85 000;87 500;92 000;96 500;100 000;105 000;109 000;115 000;121 000;129 000;140 000;148 000;156 875;162 500;166 000;170 000;174 200;175 000;180 000;187 950;195 000;200 000;202 000;204 675;202 000;205 000;210 000;216 000;220 000;222 000;224 500;225 000;229 000;231 000;236 000;241 950;246 000;250 000;250 000;270 000;280 000;285 000;285 000;280 000;275 000;270 000;265 000;265 000;275 000;285 000;292 000;301 000;302 000;300 000;302 500;305 000;310 000;307 000;312 500;320 000;321 250;330 000;330 000;340 000;350 000;366 000;390 000;407 000;420 000;428 000;433 837;450 000;460 000;475 000;493 750;499 950;507 600;510 000;510 000;514 496;518 110
E09000023;Lewisham;55 500;56 000;56 500;57 000;57 500;59 000;59 995;62 000;64 000;65 950;68 000;70 000;71 250;72 500;75 000;78 000;82 000;85 500;89 995;95 000;99 995;105 000;110 000;118 000;122 000;125 000;130 000;138 000;145 000;150 000;155 000;160 000;165 000;168 000;170 000;175 000;180 000;182 000;183 700;185 000;185 000;187 000;192 000;199 950;204 300;209 995;210 000;217 500;224 998;226 250;230 000;230 000;227 000;222 500;218 000;215 000;215 000;220 000;225 000;228 000;235 000;235 000;234 995;237 000;240 000;239 000;245 000;245 000;249 000;250 000;250 000;250 000;260 000;271 000;285 000;299 725;315 000;325 000;335 000;348 000;360 000;368 000;380 000;387 325;387 000;394 720;410 000;420 000;430 000
E09000024;Merton;74 450;75 000;75 000;78 000;80 000;80 000;82 000;83 500;84 950;87 975;91 000;94 625;96 950;99 950;107 000;115 000;120 000;124 973;130 000;135 500;139 950;143 333;147 250;153 000;160 000;163 000;171 000;179 000;185 000;191 500;195 000;199 000;200 000;205 000;210 000;218 000;224 999;228 000;230 000;230 000;233 000;235 000;237 550;240 000;242 000;248 000;249 995;250 000;263 375;267 000;270 000;269 000;261 500;250 000;249 000;246 000;250 000;260 000;274 950;282 500;289 000;285 000;286 625;295 000;295 000;285 000;289 000;289 000;290 000;300 000;305 000;312 500;321 250;332 500;350 000;375 000;385 000;390 000;392 000;396 500;420 000;440 000;450 000;456 550;450 000;445 000;450 000;457 000;470 000
E09000025;Newham;46 750;47 000;47 000;48 000;50 000;51 000;52 500;54 995;56 000;58 000;59 995;61 000;63 500;64 500;66 000;68 000;71 973;76 000;81 500;86 500;91 995;95 000;99 000;105 000;112 000;118 000;125 000;133 000;141 000;149 999;158 500;166 000;173 000;175 500;180 000;185 000;186 995;190 000;191 000;195 000;197 600;200 000;203 000;209 000;211 500;215 000;220 000;225 000;230 000;235 000;240 000;239 995;235 000;227 500;207 000;201 500;200 000;205 000;210 000;215 000;220 000;220 000;218 000;215 000;219 000;219 000;220 000;219 000;219 000;221 500;223 000;226 000;230 000;234 250;240 000;250 000;250 000;270 000;280 000;292 900;310 000;325 000;334 570;340 000;355 000;367 725;380 000;390 000;390 500
E09000026;Redbridge;67 995;67 250;68 500;69 500;71 000;72 000;73 590;75 000;76 375;79 000;81 000;84 000;85 000;86 500;88 500;93 000;97 500;100 000;107 000;114 000;119 000;123 000;127 000;132 000;138 000;142 500;149 000;159 000;168 000;175 000;181 000;189 000;195 000;200 000;207 000;215 000;217 500;220 000;220 000;221 000;225 000;225 000;230 000;232 998;238 000;244 000;249 000;250 000;250 000;250 000;259 000;250 000;250 000;248 000;239 000;231 000;230 000;235 250;237 000;243 000;250 000;250 000;250 000;250 000;250 000;250 000;259 000;262 500;265 000;269 000;268 000;271 000;275 000;280 000;285 000;290 000;300 000;315 000;325 000;340 000;350 000;360 000;370 000;380 000;390 000;400 000;410 000;415 000;420 000
E09000027;Richmond upon Thames;108 000;110 000;111 500;116 500;118 500;120 000;123 000;129 950;136 000;142 000;147 500;152 500;159 000;162 500;167 000;175 000;183 500;188 850;199 950;210 000;219 500;220 000;220 000;225 000;227 000;232 500;237 225;245 000;249 950;250 000;255 000;266 000;265 000;270 000;281 500;287 000;291 250;295 000;295 000;295 000;299 950;304 000;306 000;320 000;330 000;337 000;350 000;370 000;381 000;389 950;395 000;390 000;375 000;363 750;350 000;350 000;376 425;386 000;395 000;404 000;400 000;400 000;408 250;420 000;420 000;422 750;425 000;425 000;430 000;438 500;450 000;460 000;475 000;479 950;495 000;510 000;534 995;550 000;555 000;565 000;577 750;590 000;599 973;605 000;605 000;610 000;629 950;640 000;650 000
E09000028;Southwark;71 000;70 000;71 000;72 000;72 625;75 000;78 000;80 500;85 000;87 000;90 000;95 000;99 000;102 950;105 950;115 000;123 000;130 000;136 500;145 000;155 000;162 000;172 000;176 000;180 000;180 000;183 950;187 973;190 000;194 000;195 000;200 000;208 500;210 000;215 000;220 000;225 000;229 000;233 000;237 000;239 973;240 000;240 000;242 000;247 000;249 995;250 000;268 000;276 000;280 000;285 000;285 000;278 000;280 000;285 000;283 000;285 000;285 000;293 000;305 000;314 500;318 000;320 000;323 000;320 000;320 000;325 000;325 000;332 250;335 000;345 000;345 000;350 000;360 000;372 500;399 950;420 000;430 000;445 000;461 000;475 000;487 500;500 000;500 000;512 750;520 000;529 975;533 500;530 000
E09000029;Sutton;67 000;66 500;66 500;67 500;69 000;70 000;71 500;73 000;75 000;77 950;80 000;83 750;85 000;87 500;90 000;94 000;98 000;102 000;108 000;114 950;119 950;121 250;124 000;128 500;132 500;135 000;142 000;150 000;156 000;163 000;168 250;172 500;175 000;175 000;178 000;183 500;187 000;191 000;196 000;199 000;200 000;202 500;205 000;205 585;210 000;213 500;218 000;227 000;233 000;238 420;242 000;240 000;230 000;225 000;215 000;213 000;210 000;216 500;221 000;225 000;235 000;235 000;235 000;235 000;233 000;232 750;235 000;240 000;240 000;245 000;248 700;250 000;250 000;250 000;260 000;272 000;285 000;295 000;303 000;314 250;320 250;330 000;335 000;345 000;347 500;353 500;356 600;359 950;367 000
E09000030;Tower Hamlets;67 500;67 500;67 000;71 500;77 000;82 500;86 500;89 995;95 000;97 000;102 500;108 948;115 000;119 000;124 950;133 000;140 000;144 000;151 750;157 000;162 500;170 000;177 500;180 000;184 950;187 000;192 000;197 500;200 000;205 000;210 000;208 500;211 000;212 000;220 000;227 500;230 000;238 250;240 000;240 000;238 000;239 000;240 000;245 000;249 995;250 000;260 000;275 000;290 000;300 000;300 000;299 950;289 998;280 000;275 000;280 000;290 000;297 500;297 000;305 000;305 000;300 000;303 000;300 000;300 000;295 000;300 000;302 101;305 000;310 000;312 000;315 250;329 000;346 875;360 000;375 000;385 000;385 000;399 250;408 500;425 000;440 000;450 000;462 120;470 000;475 000;478 548;485 000;490 000
E09000031;Waltham Forest;55 000;55 000;55 000;55 000;56 000;57 000;58 500;60 000;62 000;65 000;67 000;69 000;71 000;72 500;74 000;77 000;79 995;83 000;87 000;91 500;96 000;100 000;105 000;112 500;118 000;123 000;130 000;140 000;149 000;155 000;162 000;167 000;172 000;175 500;180 000;184 500;187 500;190 000;195 000;197 250;198 000;200 000;202 500;207 000;215 000;220 000;225 000;231 500;239 000;240 000;245 000;240 000;231 000;225 000;213 000;210 000;211 500;219 500;220 000;225 000;230 000;230 000;230 000;230 000;232 000;232 500;238 000;240 000;241 500;245 000;248 000;250 000;265 000;275 000;285 000;300 000;320 000;331 500;350 000;360 000;372 000;390 000;400 000;407 000;422 000;430 000;435 000;442 500;445 000
E09000032;Wandsworth;85 500;87 000;89 500;92 500;94 000;95 000;99 000;104 150;108 000;112 000;117 000;120 000;125 000;128 000;134 000;145 000;155 000;163 000;170 000;176 000;182 000;186 000;193 000;199 999;204 000;205 000;215 000;227 000;235 000;240 000;240 000;240 000;242 500;245 000;249 999;250 000;260 000;265 000;270 000;270 100;277 500;280 000;287 000;298 694;312 000;322 500;335 000;350 000;355 000;360 000;364 700;357 500;350 000;344 950;335 000;340 000;350 000;359 950;365 000;375 000;380 000;380 000;385 000;389 500;390 000;390 000;397 500;404 995;415 750;420 174;432 500;450 000;465 000;482 500;500 000;515 000;532 250;535 000;535 000;545 000;560 000;589 938;605 000;625 000;644 000;640 000;655 000;658 065;654 000
E09000033;Westminster;127 550;128 000;128 000;130 000;133 000;138 000;147 000;157 000;160 950;166 000;172 000;173 000;177 000;185 000;190 000;205 000;220 000;225 000;240 000;248 000;250 000;260 000;265 000;275 100;280 000;290 000;300 000;310 000;319 475;320 000;320 000;325 000;325 000;330 000;335 000;340 000;345 445;350 000;357 500;369 000;375 000;385 000;400 000;410 000;410 000;425 000;425 000;449 101;475 000;489 975;495 000;499 950;495 000;484 000;485 000;494 629;499 999;525 000;540 000;557 750;580 000;585 950;600 000;610 000;600 000;590 000;600 000;605 000;635 000;670 000;698 000;730 000;725 000;750 000;795 000;830 000;875 000;899 000;895 000;876 500;890 000;920 000;950 000;980 000;1 024 500;1 070 000;1 074 150;1 050 000;1 025 000
;;;;;;;;;;;;;;;;;;;;;;;;;;;;;;;;;;;;;;;;;;;;;;;;;;;;;;;;;;;;;;;;;;;;;;;;;;;;;;;;;;;;;;;;;;
E12000001;North East;42 250;42 500;42 950;43 500;44 500;45 000;45 950;46 500;46 995;47 000;47 500;47 500;48 000;48 500;49 000;50 000;50 473;51 000;52 000;52 000;52 000;52 000;52 500;53 500;55 000;56 000;57 800;59 500;60 000;64 000;67 500;72 000;77 500;80 425;86 950;91 000;95 000;99 950;101 000;105 000;108 000;110 000;114 950;117 000;119 000;119 999;120 000;121 000;122 000;122 500;122 500;121 500;120 000;119 950;118 000;118 000;120 000;121 025;123 000;124 500;122 000;122 000;120 000;118 950;117 495;117 500;117 500;119 000;120 000;120 000;120 000;121 000;122 500;124 000;124 995;125 000;125 125;128 500;130 000;130 500;132 500;132 000;133 000;133 500;134 950;135 000;135 000;135 000;135 000
E12000002;North West;45 000;45 000;45 000;45 725;46 250;47 000;47 995;48 500;49 000;49 250;49 950;50 000;50 000;51 000;51 500;52 500;53 500;54 500;55 000;55 950;56 500;57 000;58 000;59 950;60 000;61 950;64 950;67 500;70 000;73 000;76 000;80 000;85 000;89 000;94 950;100 000;107 500;111 998;115 000;116 000;119 000;119 950;121 000;125 000;127 500;129 995;131 500;133 500;134 950;135 000;134 500;132 500;129 559;127 000;125 000;125 000;130 000;130 000;130 000;131 729;130 000;130 000;129 000;127 500;127 000;128 000;129 000;129 000;130 000;129 950;130 000;130 000;132 000;133 000;135 000;137 000;138 500;140 000;140 000;142 500;145 000;145 000;146 000;148 000;150 000;151 950;152 500;155 000;156 000
E12000003;Yorkshire And The Humber;45 500;45 500;45 500;46 000;46 500;47 000;47 950;48 500;48 950;49 000;49 393;49 950;50 000;50 000;51 000;52 000;53 000;53 950;54 750;55 000;56 000;56 950;58 000;59 000;59 950;60 000;64 000;66 950;70 000;74 000;77 950;82 500;87 500;90 250;97 500;105 000;110 000;114 950;116 000;118 000;119 995;120 000;123 500;125 000;128 500;129 999;132 000;134 450;135 000;136 000;135 000;133 500;129 995;127 000;125 000;126 000;130 000;130 000;135 000;135 000;135 000;134 200;132 000;130 000;130 000;130 000;130 000;130 000;130 000;130 000;130 000;132 000;134 950;135 000;137 000;138 500;139 995;140 000;140 500;143 000;145 000;145 000;147 500;149 950;150 000;152 500;154 000;155 000;155 000
E12000004;East Midlands;45 950;45 995;46 000;46 500;47 450;48 000;49 000;49 950;50 000;51 000;52 000;53 000;53 500;54 000;55 000;56 000;57 500;58 450;59 850;60 000;61 250;63 500;65 950;68 000;70 000;72 000;75 000;79 950;85 000;89 000;94 000;99 950;107 000;111 950;117 500;122 950;126 000;129 500;130 000;130 500;132 000;132 000;134 000;135 000;137 000;139 000;140 000;142 950;144 185;145 000;144 000;142 000;138 000;135 000;132 000;132 000;135 000;136 000;138 000;140 000;139 000;139 000;138 000;136 995;135 995;136 500;136 840;137 223;138 000;138 000;139 000;140 000;141 500;143 000;145 000;148 500;150 000;152 000;155 000;157 000;160 000;160 000;164 000;165 250;168 000;172 000;175 000;176 500;180 000
E12000005;West Midlands;49 500;49 500;49 950;50 000;51 000;52 000;53 000;54 000;54 500;55 000;55 001;56 000;57 000;57 950;58 650;59 950;60 000;63 000;64 500;65 450;67 000;68 500;70 500;73 500;75 950;78 000;80 950;85 000;89 950;92 995;97 000;103 000;110 000;114 950;119 950;125 000;128 000;130 000;132 950;133 000;134 000;135 000;137 000;139 995;142 065;143 500;145 000;146 000;147 000;147 950;147 000;145 000;142 000;140 000;138 000;139 500;142 000;143 000;145 000;147 500;147 000;146 500;145 000;144 000;142 500;143 500;143 750;145 000;145 000;145 739;147 000;148 000;149 995;150 000;152 500;155 000;156 000;158 000;159 995;161 000;164 000;164 995;165 500;168 000;170 000;174 995;175 000;178 000;180 000
E12000006;East of England;57 500;57 000;57 000;58 000;58 800;59 500;60 000;61 995;63 500;64 950;66 000;67 647;69 000;69 995;71 000;73 950;76 000;78 000;80 000;84 000;86 500;88 750;92 000;95 250;99 995;105 000;110 000;118 500;125 000;130 000;136 000;140 000;145 000;149 950;154 000;159 500;163 000;165 000;167 500;168 950;169 995;170 000;171 995;175 000;178 000;180 000;184 000;186 900;190 000;192 000;193 000;190 000;185 500;180 000;175 000;175 000;175 000;179 000;184 995;189 000;195 000;192 000;190 000;190 000;189 995;189 950;190 000;190 000;193 000;195 000;195 000;197 000;200 000;200 000;205 000;210 000;215 000;220 000;225 000;230 000;238 000;240 000;247 000;250 000;258 000;265 000;270 000;275 000;277 000
E12000007;London;72 750;73 000;74 000;75 000;77 000;79 000;80 950;83 500;86 000;88 000;91 000;94 950;96 500;99 950;105 000;111 000;118 000;123 500;129 000;134 000;138 000;141 000;145 000;150 000;155 000;159 000;165 000;174 000;180 000;186 500;190 000;195 000;200 000;205 000;210 000;215 000;220 000;225 000;225 995;228 000;230 000;232 000;235 000;240 000;245 000;248 000;249 999;250 000;262 500;267 000;270 000;265 000;258 000;250 000;250 000;250 000;250 000;265 000;275 000;280 000;287 500;290 000;290 000;292 500;292 500;289 950;295 000;297 500;300 000;310 000;310 000;315 000;323 000;330 000;340 500;353 000;365 000;375 000;380 000;390 000;400 000;418 000;426 000;435 000;442 000;445 000;450 000;460 000;465 000
E12000008;South East;65 000;65 250;66 000;67 500;68 500;69 500;70 950;72 500;74 500;76 000;78 500;81 000;83 000;84 500;86 000;89 000;92 500;95 500;100 000;106 950;112 000;115 000;119 000;123 000;126 000;129 000;134 000;140 000;148 000;153 000;159 950;165 000;169 500;172 000;175 999;180 000;185 000;188 000;190 000;190 000;192 000;192 500;195 000;198 950;202 000;205 000;210 000;215 000;219 950;220 000;223 000;220 000;215 000;210 000;200 000;200 000;203 000;210 000;216 000;222 500;229 000;225 500;225 000;224 500;223 000;221 000;224 995;225 000;229 000;230 000;232 000;234 000;235 000;238 000;240 000;245 000;249 950;250 000;254 000;265 000;273 500;279 000;285 000;290 000;295 500;302 000;306 000;310 000;315 000
E12000009;South West;55 000;55 000;55 500;56 500;57 250;58 000;59 000;59 950;60 000;62 000;64 000;65 000;66 500;67 250;68 950;71 000;74 000;76 000;79 500;82 000;85 000;86 500;89 950;93 000;96 250;99 995;107 500;115 000;123 000;128 000;134 950;139 950;144 950;148 000;153 000;159 000;164 500;167 000;169 950;169 950;169 950;169 950;171 000;175 000;178 000;180 000;185 000;187 950;190 000;192 500;192 500;190 000;185 000;180 000;175 000;175 000;175 000;178 000;183 000;187 000;190 000;190 000;188 000;185 000;185 000;185 000;185 000;186 500;187 500;188 000;188 000;189 950;190 000;192 000;195 000;199 000;200 000;205 000;209 950;212 000;216 000;219 000;221 860;225 000;229 950;234 069;235 000;240 000;242 500
;;;;;;;;;;;;;;;;;;;;;;;;;;;;;;;;;;;;;;;;;;;;;;;;;;;;;;;;;;;;;;;;;;;;;;;;;;;;;;;;;;;;;;;;;;
E92000001;England;55 000;55 000;55 385;56 500;57 500;58 000;59 500;59 995;60 000;62 500;64 000;65 000;66 000;67 000;68 500;71 000;74 000;75 250;78 000;79 950;81 995;83 500;86 000;89 950;92 000;95 000;99 000;106 000;114 000;118 500;123 000;127 000;132 000;135 500;141 000;147 501;151 000;155 000;157 000;158 000;159 950;160 000;162 000;165 000;168 000;170 000;173 000;175 000;178 000;179 950;180 000;177 500;173 500;170 000;165 000;167 000;170 000;174 950;175 000;180 000;185 000;183 000;181 000;180 000;180 000;180 000;180 000;181 500;183 000;185 000;185 000;185 000;188 000;190 000;191 995;195 000;198 000;200 000;205 000;209 500;212 500;215 000;219 995;220 000;224 950;225 000;229 950;230 000;234 000
W92000004;Wales;44 000;44 000;44 500;45 000;45 000;45 500;46 500;47 000;47 950;48 000;48 500;49 000;49 500;49 999;50 000;52 000;53 000;54 000;55 000;56 000;56 500;57 000;58 000;59 950;60 000;61 500;64 950;67 500;71 000;74 950;78 000;82 500;87 973;92 000;98 000;108 000;115 000;119 950;121 950;124 000;125 000;125 000;127 500;130 000;132 500;135 000;136 950;139 000;140 000;140 000;140 000;138 000;135 000;133 000;130 000;130 000;132 000;132 000;134 950;135 000;134 973;134 950;132 500;130 500;130 000;132 500;132 500;133 000;133 000;132 950;133 000;133 500;135 000;135 000;136 000;138 000;140 000;140 000;142 000;142 750;144 950;145 000;146 500;148 000;149 000;150 000;150 000;150 000;151 000
K04000001;England And Wales;54 950;54 950;55 000;55 995;57 000;57 750;58 999;59 950;60 000;60 000;63 000;64 500;65 000;66 000;67 995;70 000;72 950;74 950;76 950;78 500;80 000;82 000;84 950;87 950;90 000;92 500;96 950;104 000;110 000;115 000;120 000;125 000;130 000;134 000;139 950;145 000;150 000;153 000;155 000;155 950;157 500;158 500;160 000;164 000;166 000;168 500;170 000;174 000;175 000;177 000;177 500;175 000;170 000;168 000;165 000;165 000;168 473;172 000;175 000;178 000;182 000;180 000;179 950;177 000;176 000;177 000;178 000;180 000;180 000;180 000;181 000;183 000;185 000;185 000;189 000;190 000;195 000;197 000;200 000;204 000;208 000;210 000;215 000;215 000;219 950;220 000;224 000;225 000;227 722
;;;;;;;;;;;;;;;;;;;;;;;;;;;;;;;;;;;;;;;;;;;;;;;;;;;;;;;;;;;;;;;;;;;;;;;;;;;;;;;;;;;;;;;;;;